,Fed Funds Rate,Unemployment Rate,30-Year Mortgage Rate,Government Spending
2000-01-01,5.45,4.0,,1866.308
2000-01-07,5.45,4.0,8.15,1866.308
2000-01-14,5.45,4.0,8.18,1866.308
2000-01-21,5.45,4.0,8.26,1866.308
2000-01-28,5.45,4.0,8.25,1866.308
2000-02-01,5.73,4.1,8.25,1866.308
2000-02-04,5.73,4.1,8.25,1866.308
2000-02-11,5.73,4.1,8.36,1866.308
2000-02-18,5.73,4.1,8.38,1866.308
2000-02-25,5.73,4.1,8.31,1866.308
2000-03-01,5.85,4.0,8.31,1866.308
2000-03-03,5.85,4.0,8.27,1866.308
2000-03-10,5.85,4.0,8.23,1866.308
2000-03-17,5.85,4.0,8.24,1866.308
2000-03-24,5.85,4.0,8.23,1866.308
2000-03-31,5.85,4.0,8.23,1866.308
2000-04-01,6.02,3.8,8.23,1908.645
2000-04-07,6.02,3.8,8.2,1908.645
2000-04-14,6.02,3.8,8.12,1908.645
2000-04-21,6.02,3.8,8.16,1908.645
2000-04-28,6.02,3.8,8.13,1908.645
2000-05-01,6.27,4.0,8.13,1908.645
2000-05-05,6.27,4.0,8.28,1908.645
2000-05-12,6.27,4.0,8.52,1908.645
2000-05-19,6.27,4.0,8.64,1908.645
2000-05-26,6.27,4.0,8.62,1908.645
2000-06-01,6.53,4.0,8.62,1908.645
2000-06-02,6.53,4.0,8.54,1908.645
2000-06-09,6.53,4.0,8.32,1908.645
2000-06-16,6.53,4.0,8.22,1908.645
2000-06-23,6.53,4.0,8.14,1908.645
2000-06-30,6.53,4.0,8.22,1908.645
2000-07-01,6.54,4.0,8.22,1918.617
2000-07-07,6.54,4.0,8.16,1918.617
2000-07-14,6.54,4.0,8.09,1918.617
2000-07-21,6.54,4.0,8.21,1918.617
2000-07-28,6.54,4.0,8.13,1918.617
2000-08-01,6.5,4.1,8.13,1918.617
2000-08-04,6.5,4.1,8.12,1918.617
2000-08-11,6.5,4.1,8.04,1918.617
2000-08-18,6.5,4.1,7.96,1918.617
2000-08-25,6.5,4.1,7.99,1918.617
2000-09-01,6.52,3.9,7.96,1918.617
2000-09-08,6.52,3.9,7.94,1918.617
2000-09-15,6.52,3.9,7.88,1918.617
2000-09-22,6.52,3.9,7.9,1918.617
2000-09-29,6.52,3.9,7.88,1918.617
2000-10-01,6.51,3.9,7.88,1938.796
2000-10-06,6.51,3.9,7.83,1938.796
2000-10-13,6.51,3.9,7.84,1938.796
2000-10-20,6.51,3.9,7.83,1938.796
2000-10-27,6.51,3.9,7.68,1938.796
2000-11-01,6.51,3.9,7.68,1938.796
2000-11-03,6.51,3.9,7.73,1938.796
2000-11-10,6.51,3.9,7.79,1938.796
2000-11-17,6.51,3.9,7.73,1938.796
2000-11-24,6.51,3.9,7.73,1938.796
2000-12-01,6.4,3.9,7.65,1938.796
2000-12-08,6.4,3.9,7.54,1938.796
2000-12-15,6.4,3.9,7.42,1938.796
2000-12-22,6.4,3.9,7.17,1938.796
2000-12-29,6.4,3.9,7.13,1938.796
2001-01-01,5.98,4.2,7.13,1982.626
2001-01-05,5.98,4.2,7.07,1982.626
2001-01-12,5.98,4.2,6.89,1982.626
2001-01-19,5.98,4.2,7.02,1982.626
2001-01-26,5.98,4.2,7.15,1982.626
2001-02-01,5.49,4.2,7.15,1982.626
2001-02-02,5.49,4.2,7.09,1982.626
2001-02-09,5.49,4.2,6.98,1982.626
2001-02-16,5.49,4.2,7.01,1982.626
2001-02-23,5.49,4.2,7.12,1982.626
2001-03-01,5.31,4.3,7.12,1982.626
2001-03-02,5.31,4.3,7.03,1982.626
2001-03-09,5.31,4.3,6.97,1982.626
2001-03-16,5.31,4.3,6.96,1982.626
2001-03-23,5.31,4.3,6.89,1982.626
2001-03-30,5.31,4.3,6.91,1982.626
2001-04-01,4.8,4.4,6.91,2003.581
2001-04-06,4.8,4.4,7.01,2003.581
2001-04-13,4.8,4.4,7.04,2003.581
2001-04-20,4.8,4.4,7.14,2003.581
2001-04-27,4.8,4.4,7.12,2003.581
2001-05-01,4.21,4.3,7.12,2003.581
2001-05-04,4.21,4.3,7.14,2003.581
2001-05-11,4.21,4.3,7.1,2003.581
2001-05-18,4.21,4.3,7.14,2003.581
2001-05-25,4.21,4.3,7.2,2003.581
2001-06-01,3.97,4.5,7.24,2003.581
2001-06-08,3.97,4.5,7.2,2003.581
2001-06-15,3.97,4.5,7.14,2003.581
2001-06-22,3.97,4.5,7.11,2003.581
2001-06-29,3.97,4.5,7.11,2003.581
2001-07-01,3.77,4.6,7.11,2037.703
2001-07-06,3.77,4.6,7.19,2037.703
2001-07-13,3.77,4.6,7.21,2037.703
2001-07-20,3.77,4.6,7.08,2037.703
2001-07-27,3.77,4.6,7.03,2037.703
2001-08-01,3.65,4.9,7.03,2037.703
2001-08-03,3.65,4.9,7.0,2037.703
2001-08-10,3.65,4.9,7.0,2037.703
2001-08-17,3.65,4.9,6.92,2037.703
2001-08-24,3.65,4.9,6.91,2037.703
2001-08-31,3.65,4.9,6.92,2037.703
2001-09-01,3.07,5.0,6.92,2037.703
2001-09-07,3.07,5.0,6.89,2037.703
2001-09-14,3.07,5.0,6.86,2037.703
2001-09-21,3.07,5.0,6.8,2037.703
2001-09-28,3.07,5.0,6.72,2037.703
2001-10-01,2.49,5.3,6.72,2045.404
2001-10-05,2.49,5.3,6.64,2045.404
2001-10-12,2.49,5.3,6.58,2045.404
2001-10-19,2.49,5.3,6.61,2045.404
2001-10-26,2.49,5.3,6.64,2045.404
2001-11-01,2.09,5.5,6.64,2045.404
2001-11-02,2.09,5.5,6.56,2045.404
2001-11-09,2.09,5.5,6.45,2045.404
2001-11-16,2.09,5.5,6.51,2045.404
2001-11-23,2.09,5.5,6.75,2045.404
2001-11-30,2.09,5.5,7.02,2045.404
2001-12-01,1.82,5.7,7.02,2045.404
2001-12-07,1.82,5.7,6.84,2045.404
2001-12-14,1.82,5.7,7.09,2045.404
2001-12-21,1.82,5.7,7.17,2045.404
2001-12-28,1.82,5.7,7.16,2045.404
2002-01-01,1.73,5.7,7.16,2091.469
2002-01-04,1.73,5.7,7.14,2091.469
2002-01-11,1.73,5.7,7.06,2091.469
2002-01-18,1.73,5.7,6.83,2091.469
2002-01-25,1.73,5.7,6.96,2091.469
2002-02-01,1.74,5.7,7.02,2091.469
2002-02-08,1.74,5.7,6.88,2091.469
2002-02-15,1.74,5.7,6.86,2091.469
2002-02-22,1.74,5.7,6.81,2091.469
2002-03-01,1.73,5.7,6.8,2091.469
2002-03-08,1.73,5.7,6.87,2091.469
2002-03-15,1.73,5.7,7.08,2091.469
2002-03-22,1.73,5.7,7.14,2091.469
2002-03-29,1.73,5.7,7.18,2091.469
2002-04-01,1.75,5.9,7.18,2130.186
2002-04-05,1.75,5.9,7.13,2130.186
2002-04-12,1.75,5.9,6.99,2130.186
2002-04-19,1.75,5.9,6.94,2130.186
2002-04-26,1.75,5.9,6.88,2130.186
2002-05-01,1.75,5.8,6.88,2130.186
2002-05-03,1.75,5.8,6.78,2130.186
2002-05-10,1.75,5.8,6.79,2130.186
2002-05-17,1.75,5.8,6.89,2130.186
2002-05-24,1.75,5.8,6.81,2130.186
2002-05-31,1.75,5.8,6.76,2130.186
2002-06-01,1.75,5.8,6.76,2130.186
2002-06-07,1.75,5.8,6.71,2130.186
2002-06-14,1.75,5.8,6.71,2130.186
2002-06-21,1.75,5.8,6.63,2130.186
2002-06-28,1.75,5.8,6.55,2130.186
2002-07-01,1.73,5.8,6.55,2148.447
2002-07-05,1.73,5.8,6.57,2148.447
2002-07-12,1.73,5.8,6.54,2148.447
2002-07-19,1.73,5.8,6.49,2148.447
2002-07-26,1.73,5.8,6.34,2148.447
2002-08-01,1.74,5.7,6.34,2148.447
2002-08-02,1.74,5.7,6.43,2148.447
2002-08-09,1.74,5.7,6.31,2148.447
2002-08-16,1.74,5.7,6.22,2148.447
2002-08-23,1.74,5.7,6.27,2148.447
2002-08-30,1.74,5.7,6.22,2148.447
2002-09-01,1.75,5.7,6.22,2148.447
2002-09-06,1.75,5.7,6.15,2148.447
2002-09-13,1.75,5.7,6.18,2148.447
2002-09-20,1.75,5.7,6.05,2148.447
2002-09-27,1.75,5.7,5.99,2148.447
2002-10-01,1.75,5.7,5.99,2184.697
2002-10-04,1.75,5.7,6.01,2184.697
2002-10-11,1.75,5.7,5.98,2184.697
2002-10-18,1.75,5.7,6.15,2184.697
2002-10-25,1.75,5.7,6.31,2184.697
2002-11-01,1.34,5.9,6.13,2184.697
2002-11-08,1.34,5.9,6.11,2184.697
2002-11-15,1.34,5.9,5.94,2184.697
2002-11-22,1.34,5.9,6.03,2184.697
2002-11-29,1.34,5.9,6.13,2184.697
2002-12-01,1.24,6.0,6.13,2184.697
2002-12-06,1.24,6.0,6.19,2184.697
2002-12-13,1.24,6.0,6.04,2184.697
2002-12-20,1.24,6.0,6.03,2184.697
2002-12-27,1.24,6.0,5.93,2184.697
2003-01-01,1.24,5.8,5.93,2220.262
2003-01-03,1.24,5.8,5.85,2220.262
2003-01-10,1.24,5.8,5.95,2220.262
2003-01-17,1.24,5.8,5.97,2220.262
2003-01-24,1.24,5.8,5.91,2220.262
2003-01-31,1.24,5.8,5.9,2220.262
2003-02-01,1.26,5.9,5.9,2220.262
2003-02-07,1.26,5.9,5.88,2220.262
2003-02-14,1.26,5.9,5.86,2220.262
2003-02-21,1.26,5.9,5.84,2220.262
2003-02-28,1.26,5.9,5.79,2220.262
2003-03-01,1.25,5.9,5.79,2220.262
2003-03-07,1.25,5.9,5.67,2220.262
2003-03-14,1.25,5.9,5.61,2220.262
2003-03-21,1.25,5.9,5.79,2220.262
2003-03-28,1.25,5.9,5.91,2220.262
2003-04-01,1.26,6.0,5.91,2299.919
2003-04-04,1.26,6.0,5.79,2299.919
2003-04-11,1.26,6.0,5.85,2299.919
2003-04-18,1.26,6.0,5.82,2299.919
2003-04-25,1.26,6.0,5.79,2299.919
2003-05-01,1.26,6.1,5.79,2299.919
2003-05-02,1.26,6.1,5.7,2299.919
2003-05-09,1.26,6.1,5.62,2299.919
2003-05-16,1.26,6.1,5.45,2299.919
2003-05-23,1.26,6.1,5.34,2299.919
2003-05-30,1.26,6.1,5.31,2299.919
2003-06-01,1.22,6.3,5.31,2299.919
2003-06-06,1.22,6.3,5.26,2299.919
2003-06-13,1.22,6.3,5.21,2299.919
2003-06-20,1.22,6.3,5.21,2299.919
2003-06-27,1.22,6.3,5.24,2299.919
2003-07-01,1.01,6.2,5.24,2309.622
2003-07-04,1.01,6.2,5.4,2309.622
2003-07-11,1.01,6.2,5.52,2309.622
2003-07-18,1.01,6.2,5.67,2309.622
2003-07-25,1.01,6.2,5.94,2309.622
2003-08-01,1.03,6.1,6.14,2309.622
2003-08-08,1.03,6.1,6.34,2309.622
2003-08-15,1.03,6.1,6.24,2309.622
2003-08-22,1.03,6.1,6.28,2309.622
2003-08-29,1.03,6.1,6.32,2309.622
2003-09-01,1.01,6.1,6.32,2309.622
2003-09-05,1.01,6.1,6.44,2309.622
2003-09-12,1.01,6.1,6.16,2309.622
2003-09-19,1.01,6.1,6.01,2309.622
2003-09-26,1.01,6.1,5.98,2309.622
2003-10-01,1.01,6.0,5.98,2344.18
2003-10-03,1.01,6.0,5.77,2344.18
2003-10-10,1.01,6.0,5.95,2344.18
2003-10-17,1.01,6.0,6.05,2344.18
2003-10-24,1.01,6.0,6.05,2344.18
2003-10-31,1.01,6.0,5.94,2344.18
2003-11-01,1.0,5.8,5.94,2344.18
2003-11-07,1.0,5.8,5.98,2344.18
2003-11-14,1.0,5.8,6.03,2344.18
2003-11-21,1.0,5.8,5.83,2344.18
2003-11-28,1.0,5.8,5.89,2344.18
2003-12-01,0.98,5.7,5.89,2344.18
2003-12-05,0.98,5.7,6.02,2344.18
2003-12-12,0.98,5.7,5.88,2344.18
2003-12-19,0.98,5.7,5.82,2344.18
2003-12-26,0.98,5.7,5.81,2344.18
2003-12-31,0.98,5.7,5.85,2344.18
2004-01-01,1.0,5.7,5.85,2381.04
2004-01-08,1.0,5.7,5.87,2381.04
2004-01-15,1.0,5.7,5.66,2381.04
2004-01-22,1.0,5.7,5.64,2381.04
2004-01-29,1.0,5.7,5.68,2381.04
2004-02-01,1.01,5.6,5.68,2381.04
2004-02-05,1.01,5.6,5.72,2381.04
2004-02-12,1.01,5.6,5.66,2381.04
2004-02-19,1.01,5.6,5.58,2381.04
2004-02-26,1.01,5.6,5.58,2381.04
2004-03-01,1.0,5.8,5.58,2381.04
2004-03-04,1.0,5.8,5.59,2381.04
2004-03-11,1.0,5.8,5.41,2381.04
2004-03-18,1.0,5.8,5.38,2381.04
2004-03-25,1.0,5.8,5.4,2381.04
2004-04-01,1.0,5.6,5.52,2400.4
2004-04-08,1.0,5.6,5.79,2400.4
2004-04-15,1.0,5.6,5.89,2400.4
2004-04-22,1.0,5.6,5.94,2400.4
2004-04-29,1.0,5.6,6.01,2400.4
2004-05-01,1.0,5.6,6.01,2400.4
2004-05-06,1.0,5.6,6.12,2400.4
2004-05-13,1.0,5.6,6.34,2400.4
2004-05-20,1.0,5.6,6.3,2400.4
2004-05-27,1.0,5.6,6.32,2400.4
2004-06-01,1.03,5.6,6.32,2400.4
2004-06-03,1.03,5.6,6.28,2400.4
2004-06-10,1.03,5.6,6.3,2400.4
2004-06-17,1.03,5.6,6.32,2400.4
2004-06-24,1.03,5.6,6.25,2400.4
2004-07-01,1.26,5.5,6.21,2428.795
2004-07-08,1.26,5.5,6.01,2428.795
2004-07-15,1.26,5.5,6.0,2428.795
2004-07-22,1.26,5.5,5.98,2428.795
2004-07-29,1.26,5.5,6.08,2428.795
2004-08-01,1.43,5.4,6.08,2428.795
2004-08-05,1.43,5.4,5.99,2428.795
2004-08-12,1.43,5.4,5.85,2428.795
2004-08-19,1.43,5.4,5.81,2428.795
2004-08-26,1.43,5.4,5.82,2428.795
2004-09-01,1.61,5.4,5.82,2428.795
2004-09-02,1.61,5.4,5.77,2428.795
2004-09-09,1.61,5.4,5.83,2428.795
2004-09-16,1.61,5.4,5.75,2428.795
2004-09-23,1.61,5.4,5.7,2428.795
2004-09-30,1.61,5.4,5.72,2428.795
2004-10-01,1.76,5.5,5.72,2476.05
2004-10-07,1.76,5.5,5.82,2476.05
2004-10-14,1.76,5.5,5.74,2476.05
2004-10-21,1.76,5.5,5.69,2476.05
2004-10-28,1.76,5.5,5.64,2476.05
2004-11-01,1.93,5.4,5.64,2476.05
2004-11-04,1.93,5.4,5.7,2476.05
2004-11-11,1.93,5.4,5.76,2476.05
2004-11-18,1.93,5.4,5.74,2476.05
2004-11-24,1.93,5.4,5.72,2476.05
2004-12-01,2.16,5.4,5.72,2476.05
2004-12-02,2.16,5.4,5.81,2476.05
2004-12-09,2.16,5.4,5.71,2476.05
2004-12-16,2.16,5.4,5.68,2476.05
2004-12-22,2.16,5.4,5.75,2476.05
2004-12-29,2.16,5.4,5.81,2476.05
2005-01-01,2.28,5.3,5.81,2548.019
2005-01-06,2.28,5.3,5.77,2548.019
2005-01-13,2.28,5.3,5.74,2548.019
2005-01-20,2.28,5.3,5.67,2548.019
2005-01-27,2.28,5.3,5.66,2548.019
2005-02-01,2.5,5.4,5.66,2548.019
2005-02-03,2.5,5.4,5.63,2548.019
2005-02-10,2.5,5.4,5.57,2548.019
2005-02-17,2.5,5.4,5.62,2548.019
2005-02-24,2.5,5.4,5.69,2548.019
2005-03-01,2.63,5.2,5.69,2548.019
2005-03-03,2.63,5.2,5.79,2548.019
2005-03-10,2.63,5.2,5.85,2548.019
2005-03-17,2.63,5.2,5.95,2548.019
2005-03-24,2.63,5.2,6.01,2548.019
2005-03-31,2.63,5.2,6.04,2548.019
2005-04-01,2.79,5.2,6.04,2578.686
2005-04-07,2.79,5.2,5.93,2578.686
2005-04-14,2.79,5.2,5.91,2578.686
2005-04-21,2.79,5.2,5.8,2578.686
2005-04-28,2.79,5.2,5.78,2578.686
2005-05-01,3.0,5.1,5.78,2578.686
2005-05-05,3.0,5.1,5.75,2578.686
2005-05-12,3.0,5.1,5.77,2578.686
2005-05-19,3.0,5.1,5.71,2578.686
2005-05-26,3.0,5.1,5.65,2578.686
2005-06-01,3.04,5.0,5.65,2578.686
2005-06-02,3.04,5.0,5.62,2578.686
2005-06-09,3.04,5.0,5.56,2578.686
2005-06-16,3.04,5.0,5.63,2578.686
2005-06-23,3.04,5.0,5.57,2578.686
2005-06-30,3.04,5.0,5.53,2578.686
2005-07-01,3.26,5.0,5.53,2617.33
2005-07-07,3.26,5.0,5.62,2617.33
2005-07-14,3.26,5.0,5.66,2617.33
2005-07-21,3.26,5.0,5.73,2617.33
2005-07-28,3.26,5.0,5.77,2617.33
2005-08-01,3.5,4.9,5.77,2617.33
2005-08-04,3.5,4.9,5.82,2617.33
2005-08-11,3.5,4.9,5.89,2617.33
2005-08-18,3.5,4.9,5.8,2617.33
2005-08-25,3.5,4.9,5.77,2617.33
2005-09-01,3.62,5.0,5.71,2617.33
2005-09-08,3.62,5.0,5.71,2617.33
2005-09-15,3.62,5.0,5.74,2617.33
2005-09-22,3.62,5.0,5.8,2617.33
2005-09-29,3.62,5.0,5.91,2617.33
2005-10-01,3.78,5.0,5.91,2649.819
2005-10-06,3.78,5.0,5.98,2649.819
2005-10-13,3.78,5.0,6.03,2649.819
2005-10-20,3.78,5.0,6.1,2649.819
2005-10-27,3.78,5.0,6.15,2649.819
2005-11-01,4.0,5.0,6.15,2649.819
2005-11-03,4.0,5.0,6.31,2649.819
2005-11-10,4.0,5.0,6.36,2649.819
2005-11-17,4.0,5.0,6.37,2649.819
2005-11-23,4.0,5.0,6.28,2649.819
2005-12-01,4.16,4.9,6.26,2649.819
2005-12-08,4.16,4.9,6.32,2649.819
2005-12-15,4.16,4.9,6.3,2649.819
2005-12-22,4.16,4.9,6.26,2649.819
2005-12-29,4.16,4.9,6.22,2649.819
2006-01-01,4.29,4.7,6.22,2728.184
2006-01-05,4.29,4.7,6.21,2728.184
2006-01-12,4.29,4.7,6.15,2728.184
2006-01-19,4.29,4.7,6.1,2728.184
2006-01-26,4.29,4.7,6.12,2728.184
2006-02-01,4.49,4.8,6.12,2728.184
2006-02-02,4.49,4.8,6.23,2728.184
2006-02-09,4.49,4.8,6.24,2728.184
2006-02-16,4.49,4.8,6.28,2728.184
2006-02-23,4.49,4.8,6.26,2728.184
2006-03-01,4.59,4.7,6.26,2728.184
2006-03-02,4.59,4.7,6.24,2728.184
2006-03-09,4.59,4.7,6.37,2728.184
2006-03-16,4.59,4.7,6.34,2728.184
2006-03-23,4.59,4.7,6.32,2728.184
2006-03-30,4.59,4.7,6.35,2728.184
2006-04-01,4.79,4.7,6.35,2749.085
2006-04-06,4.79,4.7,6.43,2749.085
2006-04-13,4.79,4.7,6.49,2749.085
2006-04-20,4.79,4.7,6.53,2749.085
2006-04-27,4.79,4.7,6.58,2749.085
2006-05-01,4.94,4.6,6.58,2749.085
2006-05-04,4.94,4.6,6.59,2749.085
2006-05-11,4.94,4.6,6.58,2749.085
2006-05-18,4.94,4.6,6.6,2749.085
2006-05-25,4.94,4.6,6.62,2749.085
2006-06-01,4.99,4.6,6.67,2749.085
2006-06-08,4.99,4.6,6.62,2749.085
2006-06-15,4.99,4.6,6.63,2749.085
2006-06-22,4.99,4.6,6.71,2749.085
2006-06-29,4.99,4.6,6.78,2749.085
2006-07-01,5.24,4.7,6.78,2775.712
2006-07-06,5.24,4.7,6.79,2775.712
2006-07-13,5.24,4.7,6.74,2775.712
2006-07-20,5.24,4.7,6.8,2775.712
2006-07-27,5.24,4.7,6.72,2775.712
2006-08-01,5.25,4.7,6.72,2775.712
2006-08-03,5.25,4.7,6.63,2775.712
2006-08-10,5.25,4.7,6.55,2775.712
2006-08-17,5.25,4.7,6.52,2775.712
2006-08-24,5.25,4.7,6.48,2775.712
2006-08-31,5.25,4.7,6.44,2775.712
2006-09-01,5.25,4.5,6.44,2775.712
2006-09-07,5.25,4.5,6.47,2775.712
2006-09-14,5.25,4.5,6.43,2775.712
2006-09-21,5.25,4.5,6.4,2775.712
2006-09-28,5.25,4.5,6.31,2775.712
2006-10-01,5.25,4.4,6.31,2789.906
2006-10-05,5.25,4.4,6.3,2789.906
2006-10-12,5.25,4.4,6.37,2789.906
2006-10-19,5.25,4.4,6.36,2789.906
2006-10-26,5.25,4.4,6.4,2789.906
2006-11-01,5.25,4.5,6.4,2789.906
2006-11-02,5.25,4.5,6.31,2789.906
2006-11-09,5.25,4.5,6.33,2789.906
2006-11-16,5.25,4.5,6.24,2789.906
2006-11-22,5.25,4.5,6.18,2789.906
2006-11-30,5.25,4.5,6.14,2789.906
2006-12-01,5.24,4.4,6.14,2789.906
2006-12-07,5.24,4.4,6.11,2789.906
2006-12-14,5.24,4.4,6.12,2789.906
2006-12-21,5.24,4.4,6.13,2789.906
2006-12-28,5.24,4.4,6.18,2789.906
2007-01-01,5.25,4.6,6.18,2869.326
2007-01-04,5.25,4.6,6.18,2869.326
2007-01-11,5.25,4.6,6.21,2869.326
2007-01-18,5.25,4.6,6.23,2869.326
2007-01-25,5.25,4.6,6.25,2869.326
2007-02-01,5.26,4.5,6.34,2869.326
2007-02-08,5.26,4.5,6.28,2869.326
2007-02-15,5.26,4.5,6.3,2869.326
2007-02-22,5.26,4.5,6.22,2869.326
2007-03-01,5.26,4.4,6.18,2869.326
2007-03-08,5.26,4.4,6.14,2869.326
2007-03-15,5.26,4.4,6.14,2869.326
2007-03-22,5.26,4.4,6.16,2869.326
2007-03-29,5.26,4.4,6.16,2869.326
2007-04-01,5.25,4.5,6.16,2905.202
2007-04-05,5.25,4.5,6.17,2905.202
2007-04-12,5.25,4.5,6.22,2905.202
2007-04-19,5.25,4.5,6.17,2905.202
2007-04-26,5.25,4.5,6.16,2905.202
2007-05-01,5.25,4.4,6.16,2905.202
2007-05-03,5.25,4.4,6.16,2905.202
2007-05-10,5.25,4.4,6.15,2905.202
2007-05-17,5.25,4.4,6.21,2905.202
2007-05-24,5.25,4.4,6.37,2905.202
2007-05-31,5.25,4.4,6.42,2905.202
2007-06-01,5.25,4.6,6.42,2905.202
2007-06-07,5.25,4.6,6.53,2905.202
2007-06-14,5.25,4.6,6.74,2905.202
2007-06-21,5.25,4.6,6.69,2905.202
2007-06-28,5.25,4.6,6.67,2905.202
2007-07-01,5.26,4.7,6.67,2945.721
2007-07-05,5.26,4.7,6.63,2945.721
2007-07-12,5.26,4.7,6.73,2945.721
2007-07-19,5.26,4.7,6.73,2945.721
2007-07-26,5.26,4.7,6.69,2945.721
2007-08-01,5.02,4.6,6.69,2945.721
2007-08-02,5.02,4.6,6.68,2945.721
2007-08-09,5.02,4.6,6.59,2945.721
2007-08-16,5.02,4.6,6.62,2945.721
2007-08-23,5.02,4.6,6.52,2945.721
2007-08-30,5.02,4.6,6.45,2945.721
2007-09-01,4.94,4.7,6.45,2945.721
2007-09-06,4.94,4.7,6.46,2945.721
2007-09-13,4.94,4.7,6.31,2945.721
2007-09-20,4.94,4.7,6.34,2945.721
2007-09-27,4.94,4.7,6.42,2945.721
2007-10-01,4.76,4.7,6.42,2991.765
2007-10-04,4.76,4.7,6.37,2991.765
2007-10-11,4.76,4.7,6.4,2991.765
2007-10-18,4.76,4.7,6.4,2991.765
2007-10-25,4.76,4.7,6.33,2991.765
2007-11-01,4.49,4.7,6.26,2991.765
2007-11-08,4.49,4.7,6.24,2991.765
2007-11-15,4.49,4.7,6.24,2991.765
2007-11-21,4.49,4.7,6.2,2991.765
2007-11-29,4.49,4.7,6.1,2991.765
2007-12-01,4.24,5.0,6.1,2991.765
2007-12-06,4.24,5.0,5.96,2991.765
2007-12-13,4.24,5.0,6.11,2991.765
2007-12-20,4.24,5.0,6.14,2991.765
2007-12-27,4.24,5.0,6.17,2991.765
2008-01-01,3.94,5.0,6.17,3043.522
2008-01-03,3.94,5.0,6.07,3043.522
2008-01-10,3.94,5.0,5.87,3043.522
2008-01-17,3.94,5.0,5.69,3043.522
2008-01-24,3.94,5.0,5.48,3043.522
2008-01-31,3.94,5.0,5.68,3043.522
2008-02-01,2.98,4.9,5.68,3043.522
2008-02-07,2.98,4.9,5.67,3043.522
2008-02-14,2.98,4.9,5.72,3043.522
2008-02-21,2.98,4.9,6.04,3043.522
2008-02-28,2.98,4.9,6.24,3043.522
2008-03-01,2.61,5.1,6.24,3043.522
2008-03-06,2.61,5.1,6.03,3043.522
2008-03-13,2.61,5.1,6.13,3043.522
2008-03-20,2.61,5.1,5.87,3043.522
2008-03-27,2.61,5.1,5.85,3043.522
2008-04-01,2.28,5.0,5.85,3397.452
2008-04-03,2.28,5.0,5.88,3397.452
2008-04-10,2.28,5.0,5.88,3397.452
2008-04-17,2.28,5.0,5.88,3397.452
2008-04-24,2.28,5.0,6.03,3397.452
2008-05-01,1.98,5.4,6.06,3397.452
2008-05-08,1.98,5.4,6.05,3397.452
2008-05-15,1.98,5.4,6.01,3397.452
2008-05-22,1.98,5.4,5.98,3397.452
2008-05-29,1.98,5.4,6.08,3397.452
2008-06-01,2.0,5.6,6.08,3397.452
2008-06-05,2.0,5.6,6.09,3397.452
2008-06-12,2.0,5.6,6.32,3397.452
2008-06-19,2.0,5.6,6.42,3397.452
2008-06-26,2.0,5.6,6.45,3397.452
2008-07-01,2.01,5.8,6.45,3194.11
2008-07-03,2.01,5.8,6.35,3194.11
2008-07-10,2.01,5.8,6.37,3194.11
2008-07-17,2.01,5.8,6.26,3194.11
2008-07-24,2.01,5.8,6.63,3194.11
2008-07-31,2.01,5.8,6.52,3194.11
2008-08-01,2.0,6.1,6.52,3194.11
2008-08-07,2.0,6.1,6.52,3194.11
2008-08-14,2.0,6.1,6.52,3194.11
2008-08-21,2.0,6.1,6.47,3194.11
2008-08-28,2.0,6.1,6.4,3194.11
2008-09-01,1.81,6.1,6.4,3194.11
2008-09-04,1.81,6.1,6.35,3194.11
2008-09-11,1.81,6.1,5.93,3194.11
2008-09-18,1.81,6.1,5.78,3194.11
2008-09-25,1.81,6.1,6.09,3194.11
2008-10-01,0.97,6.5,6.09,3192.866
2008-10-02,0.97,6.5,6.1,3192.866
2008-10-09,0.97,6.5,5.94,3192.866
2008-10-16,0.97,6.5,6.46,3192.866
2008-10-23,0.97,6.5,6.04,3192.866
2008-10-30,0.97,6.5,6.46,3192.866
2008-11-01,0.39,6.8,6.46,3192.866
2008-11-06,0.39,6.8,6.2,3192.866
2008-11-13,0.39,6.8,6.14,3192.866
2008-11-20,0.39,6.8,6.04,3192.866
2008-11-26,0.39,6.8,5.97,3192.866
2008-12-01,0.16,7.3,5.97,3192.866
2008-12-04,0.16,7.3,5.53,3192.866
2008-12-11,0.16,7.3,5.47,3192.866
2008-12-18,0.16,7.3,5.19,3192.866
2008-12-24,0.16,7.3,5.14,3192.866
2008-12-31,0.16,7.3,5.1,3192.866
2009-01-01,0.15,7.8,5.1,3322.767
2009-01-08,0.15,7.8,5.01,3322.767
2009-01-15,0.15,7.8,4.96,3322.767
2009-01-22,0.15,7.8,5.12,3322.767
2009-01-29,0.15,7.8,5.1,3322.767
2009-02-01,0.22,8.3,5.1,3322.767
2009-02-05,0.22,8.3,5.25,3322.767
2009-02-12,0.22,8.3,5.16,3322.767
2009-02-19,0.22,8.3,5.04,3322.767
2009-02-26,0.22,8.3,5.07,3322.767
2009-03-01,0.18,8.7,5.07,3322.767
2009-03-05,0.18,8.7,5.15,3322.767
2009-03-12,0.18,8.7,5.03,3322.767
2009-03-19,0.18,8.7,4.98,3322.767
2009-03-26,0.18,8.7,4.85,3322.767
2009-04-01,0.15,9.0,4.85,3524.671
2009-04-02,0.15,9.0,4.78,3524.671
2009-04-09,0.15,9.0,4.87,3524.671
2009-04-16,0.15,9.0,4.82,3524.671
2009-04-23,0.15,9.0,4.8,3524.671
2009-04-30,0.15,9.0,4.78,3524.671
2009-05-01,0.18,9.4,4.78,3524.671
2009-05-07,0.18,9.4,4.84,3524.671
2009-05-14,0.18,9.4,4.86,3524.671
2009-05-21,0.18,9.4,4.82,3524.671
2009-05-28,0.18,9.4,4.91,3524.671
2009-06-01,0.21,9.5,4.91,3524.671
2009-06-04,0.21,9.5,5.29,3524.671
2009-06-11,0.21,9.5,5.59,3524.671
2009-06-18,0.21,9.5,5.38,3524.671
2009-06-25,0.21,9.5,5.42,3524.671
2009-07-01,0.16,9.5,5.42,3532.903
2009-07-02,0.16,9.5,5.32,3532.903
2009-07-09,0.16,9.5,5.2,3532.903
2009-07-16,0.16,9.5,5.14,3532.903
2009-07-23,0.16,9.5,5.2,3532.903
2009-07-30,0.16,9.5,5.25,3532.903
2009-08-01,0.16,9.6,5.25,3532.903
2009-08-06,0.16,9.6,5.22,3532.903
2009-08-13,0.16,9.6,5.29,3532.903
2009-08-20,0.16,9.6,5.12,3532.903
2009-08-27,0.16,9.6,5.14,3532.903
2009-09-01,0.15,9.8,5.14,3532.903
2009-09-03,0.15,9.8,5.08,3532.903
2009-09-10,0.15,9.8,5.07,3532.903
2009-09-17,0.15,9.8,5.04,3532.903
2009-09-24,0.15,9.8,5.04,3532.903
2009-10-01,0.12,10.0,4.94,3560.619
2009-10-08,0.12,10.0,4.87,3560.619
2009-10-15,0.12,10.0,4.92,3560.619
2009-10-22,0.12,10.0,5.0,3560.619
2009-10-29,0.12,10.0,5.03,3560.619
2009-11-01,0.12,9.9,5.03,3560.619
2009-11-05,0.12,9.9,4.98,3560.619
2009-11-12,0.12,9.9,4.91,3560.619
2009-11-19,0.12,9.9,4.83,3560.619
2009-11-25,0.12,9.9,4.78,3560.619
2009-12-01,0.12,9.9,4.78,3560.619
2009-12-03,0.12,9.9,4.71,3560.619
2009-12-10,0.12,9.9,4.81,3560.619
2009-12-17,0.12,9.9,4.94,3560.619
2009-12-24,0.12,9.9,5.05,3560.619
2009-12-31,0.12,9.9,5.14,3560.619
2010-01-01,0.11,9.8,5.14,3710.548
2010-01-07,0.11,9.8,5.09,3710.548
2010-01-14,0.11,9.8,5.06,3710.548
2010-01-21,0.11,9.8,4.99,3710.548
2010-01-28,0.11,9.8,4.98,3710.548
2010-02-01,0.13,9.8,4.98,3710.548
2010-02-04,0.13,9.8,5.01,3710.548
2010-02-11,0.13,9.8,4.97,3710.548
2010-02-18,0.13,9.8,4.93,3710.548
2010-02-25,0.13,9.8,5.05,3710.548
2010-03-01,0.16,9.9,5.05,3710.548
2010-03-04,0.16,9.9,4.97,3710.548
2010-03-11,0.16,9.9,4.95,3710.548
2010-03-18,0.16,9.9,4.96,3710.548
2010-03-25,0.16,9.9,4.99,3710.548
2010-04-01,0.2,9.9,5.08,3745.711
2010-04-08,0.2,9.9,5.21,3745.711
2010-04-15,0.2,9.9,5.07,3745.711
2010-04-22,0.2,9.9,5.07,3745.711
2010-04-29,0.2,9.9,5.06,3745.711
2010-05-01,0.2,9.6,5.06,3745.711
2010-05-06,0.2,9.6,5.0,3745.711
2010-05-13,0.2,9.6,4.93,3745.711
2010-05-20,0.2,9.6,4.84,3745.711
2010-05-27,0.2,9.6,4.78,3745.711
2010-06-01,0.18,9.4,4.78,3745.711
2010-06-03,0.18,9.4,4.79,3745.711
2010-06-10,0.18,9.4,4.72,3745.711
2010-06-17,0.18,9.4,4.75,3745.711
2010-06-24,0.18,9.4,4.69,3745.711
2010-07-01,0.18,9.4,4.58,3792.438
2010-07-08,0.18,9.4,4.57,3792.438
2010-07-15,0.18,9.4,4.57,3792.438
2010-07-22,0.18,9.4,4.56,3792.438
2010-07-29,0.18,9.4,4.54,3792.438
2010-08-01,0.19,9.5,4.54,3792.438
2010-08-05,0.19,9.5,4.49,3792.438
2010-08-12,0.19,9.5,4.44,3792.438
2010-08-19,0.19,9.5,4.42,3792.438
2010-08-26,0.19,9.5,4.36,3792.438
2010-09-01,0.19,9.5,4.36,3792.438
2010-09-02,0.19,9.5,4.32,3792.438
2010-09-09,0.19,9.5,4.35,3792.438
2010-09-16,0.19,9.5,4.37,3792.438
2010-09-23,0.19,9.5,4.37,3792.438
2010-09-30,0.19,9.5,4.32,3792.438
2010-10-01,0.19,9.4,4.32,3809.804
2010-10-07,0.19,9.4,4.27,3809.804
2010-10-14,0.19,9.4,4.19,3809.804
2010-10-21,0.19,9.4,4.21,3809.804
2010-10-28,0.19,9.4,4.23,3809.804
2010-11-01,0.19,9.8,4.23,3809.804
2010-11-04,0.19,9.8,4.24,3809.804
2010-11-11,0.19,9.8,4.17,3809.804
2010-11-18,0.19,9.8,4.39,3809.804
2010-11-24,0.19,9.8,4.4,3809.804
2010-12-01,0.18,9.3,4.4,3809.804
2010-12-02,0.18,9.3,4.46,3809.804
2010-12-09,0.18,9.3,4.61,3809.804
2010-12-16,0.18,9.3,4.83,3809.804
2010-12-23,0.18,9.3,4.81,3809.804
2010-12-30,0.18,9.3,4.86,3809.804
2011-01-01,0.17,9.1,4.86,3811.263
2011-01-06,0.17,9.1,4.77,3811.263
2011-01-13,0.17,9.1,4.71,3811.263
2011-01-20,0.17,9.1,4.74,3811.263
2011-01-27,0.17,9.1,4.8,3811.263
2011-02-01,0.16,9.0,4.8,3811.263
2011-02-03,0.16,9.0,4.81,3811.263
2011-02-10,0.16,9.0,5.05,3811.263
2011-02-17,0.16,9.0,5.0,3811.263
2011-02-24,0.16,9.0,4.95,3811.263
2011-03-01,0.14,9.0,4.95,3811.263
2011-03-03,0.14,9.0,4.87,3811.263
2011-03-10,0.14,9.0,4.88,3811.263
2011-03-17,0.14,9.0,4.76,3811.263
2011-03-24,0.14,9.0,4.81,3811.263
2011-03-31,0.14,9.0,4.86,3811.263
2011-04-01,0.1,9.1,4.86,3849.377
2011-04-07,0.1,9.1,4.87,3849.377
2011-04-14,0.1,9.1,4.91,3849.377
2011-04-21,0.1,9.1,4.8,3849.377
2011-04-28,0.1,9.1,4.78,3849.377
2011-05-01,0.09,9.0,4.78,3849.377
2011-05-05,0.09,9.0,4.71,3849.377
2011-05-12,0.09,9.0,4.63,3849.377
2011-05-19,0.09,9.0,4.61,3849.377
2011-05-26,0.09,9.0,4.6,3849.377
2011-06-01,0.09,9.1,4.6,3849.377
2011-06-02,0.09,9.1,4.55,3849.377
2011-06-09,0.09,9.1,4.49,3849.377
2011-06-16,0.09,9.1,4.5,3849.377
2011-06-23,0.09,9.1,4.5,3849.377
2011-06-30,0.09,9.1,4.51,3849.377
2011-07-01,0.07,9.0,4.51,3783.833
2011-07-07,0.07,9.0,4.6,3783.833
2011-07-14,0.07,9.0,4.51,3783.833
2011-07-21,0.07,9.0,4.52,3783.833
2011-07-28,0.07,9.0,4.55,3783.833
2011-08-01,0.1,9.0,4.55,3783.833
2011-08-04,0.1,9.0,4.39,3783.833
2011-08-11,0.1,9.0,4.32,3783.833
2011-08-18,0.1,9.0,4.15,3783.833
2011-08-25,0.1,9.0,4.22,3783.833
2011-09-01,0.08,9.0,4.22,3783.833
2011-09-08,0.08,9.0,4.12,3783.833
2011-09-15,0.08,9.0,4.09,3783.833
2011-09-22,0.08,9.0,4.09,3783.833
2011-09-29,0.08,9.0,4.01,3783.833
2011-10-01,0.07,8.8,4.01,3786.528
2011-10-06,0.07,8.8,3.94,3786.528
2011-10-13,0.07,8.8,4.12,3786.528
2011-10-20,0.07,8.8,4.11,3786.528
2011-10-27,0.07,8.8,4.1,3786.528
2011-11-01,0.08,8.6,4.1,3786.528
2011-11-03,0.08,8.6,4.0,3786.528
2011-11-10,0.08,8.6,3.99,3786.528
2011-11-17,0.08,8.6,4.0,3786.528
2011-11-23,0.08,8.6,3.98,3786.528
2011-12-01,0.07,8.5,4.0,3786.528
2011-12-08,0.07,8.5,3.99,3786.528
2011-12-15,0.07,8.5,3.94,3786.528
2011-12-22,0.07,8.5,3.91,3786.528
2011-12-29,0.07,8.5,3.95,3786.528
2012-01-01,0.08,8.3,3.95,3774.344
2012-01-05,0.08,8.3,3.91,3774.344
2012-01-12,0.08,8.3,3.89,3774.344
2012-01-19,0.08,8.3,3.88,3774.344
2012-01-26,0.08,8.3,3.98,3774.344
2012-02-01,0.1,8.3,3.98,3774.344
2012-02-02,0.1,8.3,3.87,3774.344
2012-02-09,0.1,8.3,3.87,3774.344
2012-02-16,0.1,8.3,3.87,3774.344
2012-02-23,0.1,8.3,3.95,3774.344
2012-03-01,0.13,8.2,3.9,3774.344
2012-03-08,0.13,8.2,3.88,3774.344
2012-03-15,0.13,8.2,3.92,3774.344
2012-03-22,0.13,8.2,4.08,3774.344
2012-03-29,0.13,8.2,3.99,3774.344
2012-04-01,0.14,8.2,3.99,3772.867
2012-04-05,0.14,8.2,3.98,3772.867
2012-04-12,0.14,8.2,3.88,3772.867
2012-04-19,0.14,8.2,3.9,3772.867
2012-04-26,0.14,8.2,3.88,3772.867
2012-05-01,0.16,8.2,3.88,3772.867
2012-05-03,0.16,8.2,3.84,3772.867
2012-05-10,0.16,8.2,3.83,3772.867
2012-05-17,0.16,8.2,3.79,3772.867
2012-05-24,0.16,8.2,3.78,3772.867
2012-05-31,0.16,8.2,3.75,3772.867
2012-06-01,0.16,8.2,3.75,3772.867
2012-06-07,0.16,8.2,3.67,3772.867
2012-06-14,0.16,8.2,3.71,3772.867
2012-06-21,0.16,8.2,3.66,3772.867
2012-06-28,0.16,8.2,3.66,3772.867
2012-07-01,0.16,8.2,3.66,3777.299
2012-07-05,0.16,8.2,3.62,3777.299
2012-07-12,0.16,8.2,3.56,3777.299
2012-07-19,0.16,8.2,3.53,3777.299
2012-07-26,0.16,8.2,3.49,3777.299
2012-08-01,0.13,8.1,3.49,3777.299
2012-08-02,0.13,8.1,3.55,3777.299
2012-08-09,0.13,8.1,3.59,3777.299
2012-08-16,0.13,8.1,3.62,3777.299
2012-08-23,0.13,8.1,3.66,3777.299
2012-08-30,0.13,8.1,3.59,3777.299
2012-09-01,0.14,7.8,3.59,3777.299
2012-09-06,0.14,7.8,3.55,3777.299
2012-09-13,0.14,7.8,3.55,3777.299
2012-09-20,0.14,7.8,3.49,3777.299
2012-09-27,0.14,7.8,3.4,3777.299
2012-10-01,0.16,7.8,3.4,3769.503
2012-10-04,0.16,7.8,3.36,3769.503
2012-10-11,0.16,7.8,3.39,3769.503
2012-10-18,0.16,7.8,3.37,3769.503
2012-10-25,0.16,7.8,3.41,3769.503
2012-11-01,0.16,7.7,3.39,3769.503
2012-11-08,0.16,7.7,3.4,3769.503
2012-11-15,0.16,7.7,3.34,3769.503
2012-11-21,0.16,7.7,3.31,3769.503
2012-11-29,0.16,7.7,3.32,3769.503
2012-12-01,0.16,7.9,3.32,3769.503
2012-12-06,0.16,7.9,3.34,3769.503
2012-12-13,0.16,7.9,3.32,3769.503
2012-12-20,0.16,7.9,3.37,3769.503
2012-12-27,0.16,7.9,3.35,3769.503
2013-01-01,0.14,8.0,3.35,3758.798
2013-01-03,0.14,8.0,3.34,3758.798
2013-01-10,0.14,8.0,3.4,3758.798
2013-01-17,0.14,8.0,3.38,3758.798
2013-01-24,0.14,8.0,3.42,3758.798
2013-01-31,0.14,8.0,3.53,3758.798
2013-02-01,0.15,7.7,3.53,3758.798
2013-02-07,0.15,7.7,3.53,3758.798
2013-02-14,0.15,7.7,3.53,3758.798
2013-02-21,0.15,7.7,3.56,3758.798
2013-02-28,0.15,7.7,3.51,3758.798
2013-03-01,0.14,7.5,3.51,3758.798
2013-03-07,0.14,7.5,3.52,3758.798
2013-03-14,0.14,7.5,3.63,3758.798
2013-03-21,0.14,7.5,3.54,3758.798
2013-03-28,0.14,7.5,3.57,3758.798
2013-04-01,0.15,7.6,3.57,3776.035
2013-04-04,0.15,7.6,3.54,3776.035
2013-04-11,0.15,7.6,3.43,3776.035
2013-04-18,0.15,7.6,3.41,3776.035
2013-04-25,0.15,7.6,3.4,3776.035
2013-05-01,0.11,7.5,3.4,3776.035
2013-05-02,0.11,7.5,3.35,3776.035
2013-05-09,0.11,7.5,3.42,3776.035
2013-05-16,0.11,7.5,3.51,3776.035
2013-05-23,0.11,7.5,3.59,3776.035
2013-05-30,0.11,7.5,3.81,3776.035
2013-06-01,0.09,7.5,3.81,3776.035
2013-06-06,0.09,7.5,3.91,3776.035
2013-06-13,0.09,7.5,3.98,3776.035
2013-06-20,0.09,7.5,3.93,3776.035
2013-06-27,0.09,7.5,4.46,3776.035
2013-07-01,0.09,7.3,4.46,3773.724
2013-07-03,0.09,7.3,4.29,3773.724
2013-07-11,0.09,7.3,4.51,3773.724
2013-07-18,0.09,7.3,4.37,3773.724
2013-07-25,0.09,7.3,4.31,3773.724
2013-08-01,0.08,7.2,4.39,3773.724
2013-08-08,0.08,7.2,4.4,3773.724
2013-08-15,0.08,7.2,4.4,3773.724
2013-08-22,0.08,7.2,4.58,3773.724
2013-08-29,0.08,7.2,4.51,3773.724
2013-09-01,0.08,7.2,4.51,3773.724
2013-09-05,0.08,7.2,4.57,3773.724
2013-09-12,0.08,7.2,4.57,3773.724
2013-09-19,0.08,7.2,4.5,3773.724
2013-09-26,0.08,7.2,4.32,3773.724
2013-10-01,0.09,7.2,4.32,3772.463
2013-10-03,0.09,7.2,4.22,3772.463
2013-10-10,0.09,7.2,4.23,3772.463
2013-10-17,0.09,7.2,4.28,3772.463
2013-10-24,0.09,7.2,4.13,3772.463
2013-10-31,0.09,7.2,4.1,3772.463
2013-11-01,0.08,6.9,4.1,3772.463
2013-11-07,0.08,6.9,4.16,3772.463
2013-11-14,0.08,6.9,4.35,3772.463
2013-11-21,0.08,6.9,4.22,3772.463
2013-11-27,0.08,6.9,4.29,3772.463
2013-12-01,0.09,6.7,4.29,3772.463
2013-12-05,0.09,6.7,4.46,3772.463
2013-12-12,0.09,6.7,4.42,3772.463
2013-12-19,0.09,6.7,4.47,3772.463
2013-12-26,0.09,6.7,4.48,3772.463
2014-01-01,0.07,6.6,4.48,3819.402
2014-01-02,0.07,6.6,4.53,3819.402
2014-01-09,0.07,6.6,4.51,3819.402
2014-01-16,0.07,6.6,4.41,3819.402
2014-01-23,0.07,6.6,4.39,3819.402
2014-01-30,0.07,6.6,4.32,3819.402
2014-02-01,0.07,6.7,4.32,3819.402
2014-02-06,0.07,6.7,4.23,3819.402
2014-02-13,0.07,6.7,4.28,3819.402
2014-02-20,0.07,6.7,4.33,3819.402
2014-02-27,0.07,6.7,4.37,3819.402
2014-03-01,0.08,6.7,4.37,3819.402
2014-03-06,0.08,6.7,4.28,3819.402
2014-03-13,0.08,6.7,4.37,3819.402
2014-03-20,0.08,6.7,4.32,3819.402
2014-03-27,0.08,6.7,4.4,3819.402
2014-04-01,0.09,6.2,4.4,3876.072
2014-04-03,0.09,6.2,4.41,3876.072
2014-04-10,0.09,6.2,4.34,3876.072
2014-04-17,0.09,6.2,4.27,3876.072
2014-04-24,0.09,6.2,4.33,3876.072
2014-05-01,0.09,6.3,4.29,3876.072
2014-05-08,0.09,6.3,4.21,3876.072
2014-05-15,0.09,6.3,4.2,3876.072
2014-05-22,0.09,6.3,4.14,3876.072
2014-05-29,0.09,6.3,4.12,3876.072
2014-06-01,0.1,6.1,4.12,3876.072
2014-06-05,0.1,6.1,4.14,3876.072
2014-06-12,0.1,6.1,4.2,3876.072
2014-06-19,0.1,6.1,4.17,3876.072
2014-06-26,0.1,6.1,4.14,3876.072
2014-07-01,0.09,6.2,4.14,3931.623
2014-07-03,0.09,6.2,4.12,3931.623
2014-07-10,0.09,6.2,4.15,3931.623
2014-07-17,0.09,6.2,4.13,3931.623
2014-07-24,0.09,6.2,4.13,3931.623
2014-07-31,0.09,6.2,4.12,3931.623
2014-08-01,0.09,6.1,4.12,3931.623
2014-08-07,0.09,6.1,4.14,3931.623
2014-08-14,0.09,6.1,4.12,3931.623
2014-08-21,0.09,6.1,4.1,3931.623
2014-08-28,0.09,6.1,4.1,3931.623
2014-09-01,0.09,5.9,4.1,3931.623
2014-09-04,0.09,5.9,4.1,3931.623
2014-09-11,0.09,5.9,4.12,3931.623
2014-09-18,0.09,5.9,4.23,3931.623
2014-09-25,0.09,5.9,4.2,3931.623
2014-10-01,0.09,5.7,4.2,3926.651
2014-10-02,0.09,5.7,4.19,3926.651
2014-10-09,0.09,5.7,4.12,3926.651
2014-10-16,0.09,5.7,3.97,3926.651
2014-10-23,0.09,5.7,3.92,3926.651
2014-10-30,0.09,5.7,3.98,3926.651
2014-11-01,0.09,5.8,3.98,3926.651
2014-11-06,0.09,5.8,4.02,3926.651
2014-11-13,0.09,5.8,4.01,3926.651
2014-11-20,0.09,5.8,3.99,3926.651
2014-11-26,0.09,5.8,3.97,3926.651
2014-12-01,0.12,5.6,3.97,3926.651
2014-12-04,0.12,5.6,3.89,3926.651
2014-12-11,0.12,5.6,3.93,3926.651
2014-12-18,0.12,5.6,3.8,3926.651
2014-12-24,0.12,5.6,3.83,3926.651
2014-12-31,0.12,5.6,3.87,3926.651
2015-01-01,0.11,5.7,3.87,3970.21
2015-01-08,0.11,5.7,3.73,3970.21
2015-01-15,0.11,5.7,3.66,3970.21
2015-01-22,0.11,5.7,3.63,3970.21
2015-01-29,0.11,5.7,3.66,3970.21
2015-02-01,0.11,5.5,3.66,3970.21
2015-02-05,0.11,5.5,3.59,3970.21
2015-02-12,0.11,5.5,3.69,3970.21
2015-02-19,0.11,5.5,3.76,3970.21
2015-02-26,0.11,5.5,3.8,3970.21
2015-03-01,0.11,5.4,3.8,3970.21
2015-03-05,0.11,5.4,3.75,3970.21
2015-03-12,0.11,5.4,3.86,3970.21
2015-03-19,0.11,5.4,3.78,3970.21
2015-03-26,0.11,5.4,3.69,3970.21
2015-04-01,0.12,5.4,3.69,3990.778
2015-04-02,0.12,5.4,3.7,3990.778
2015-04-09,0.12,5.4,3.66,3990.778
2015-04-16,0.12,5.4,3.67,3990.778
2015-04-23,0.12,5.4,3.65,3990.778
2015-04-30,0.12,5.4,3.68,3990.778
2015-05-01,0.12,5.6,3.68,3990.778
2015-05-07,0.12,5.6,3.8,3990.778
2015-05-14,0.12,5.6,3.85,3990.778
2015-05-21,0.12,5.6,3.84,3990.778
2015-05-28,0.12,5.6,3.87,3990.778
2015-06-01,0.13,5.3,3.87,3990.778
2015-06-04,0.13,5.3,3.87,3990.778
2015-06-11,0.13,5.3,4.04,3990.778
2015-06-18,0.13,5.3,4.0,3990.778
2015-06-25,0.13,5.3,4.02,3990.778
2015-07-01,0.13,5.2,4.02,4011.91
2015-07-02,0.13,5.2,4.08,4011.91
2015-07-09,0.13,5.2,4.04,4011.91
2015-07-16,0.13,5.2,4.09,4011.91
2015-07-23,0.13,5.2,4.04,4011.91
2015-07-30,0.13,5.2,3.98,4011.91
2015-08-01,0.14,5.1,3.98,4011.91
2015-08-06,0.14,5.1,3.91,4011.91
2015-08-13,0.14,5.1,3.94,4011.91
2015-08-20,0.14,5.1,3.93,4011.91
2015-08-27,0.14,5.1,3.84,4011.91
2015-09-01,0.14,5.0,3.84,4011.91
2015-09-03,0.14,5.0,3.89,4011.91
2015-09-10,0.14,5.0,3.9,4011.91
2015-09-17,0.14,5.0,3.91,4011.91
2015-09-24,0.14,5.0,3.86,4011.91
2015-10-01,0.12,5.0,3.85,4050.403
2015-10-08,0.12,5.0,3.76,4050.403
2015-10-15,0.12,5.0,3.82,4050.403
2015-10-22,0.12,5.0,3.79,4050.403
2015-10-29,0.12,5.0,3.76,4050.403
2015-11-01,0.12,5.1,3.76,4050.403
2015-11-05,0.12,5.1,3.87,4050.403
2015-11-12,0.12,5.1,3.98,4050.403
2015-11-19,0.12,5.1,3.97,4050.403
2015-11-25,0.12,5.1,3.95,4050.403
2015-12-01,0.24,5.0,3.95,4050.403
2015-12-03,0.24,5.0,3.93,4050.403
2015-12-10,0.24,5.0,3.95,4050.403
2015-12-17,0.24,5.0,3.97,4050.403
2015-12-24,0.24,5.0,3.96,4050.403
2015-12-31,0.24,5.0,4.01,4050.403
2016-01-01,0.34,4.8,4.01,4084.292
2016-01-07,0.34,4.8,3.97,4084.292
2016-01-14,0.34,4.8,3.92,4084.292
2016-01-21,0.34,4.8,3.81,4084.292
2016-01-28,0.34,4.8,3.79,4084.292
2016-02-01,0.38,4.9,3.79,4084.292
2016-02-04,0.38,4.9,3.72,4084.292
2016-02-11,0.38,4.9,3.65,4084.292
2016-02-18,0.38,4.9,3.65,4084.292
2016-02-25,0.38,4.9,3.62,4084.292
2016-03-01,0.36,5.0,3.62,4084.292
2016-03-03,0.36,5.0,3.64,4084.292
2016-03-10,0.36,5.0,3.68,4084.292
2016-03-17,0.36,5.0,3.73,4084.292
2016-03-24,0.36,5.0,3.71,4084.292
2016-03-31,0.36,5.0,3.71,4084.292
2016-04-01,0.37,5.1,3.71,4101.647
2016-04-07,0.37,5.1,3.59,4101.647
2016-04-14,0.37,5.1,3.58,4101.647
2016-04-21,0.37,5.1,3.59,4101.647
2016-04-28,0.37,5.1,3.66,4101.647
2016-05-01,0.37,4.8,3.66,4101.647
2016-05-05,0.37,4.8,3.61,4101.647
2016-05-12,0.37,4.8,3.57,4101.647
2016-05-19,0.37,4.8,3.58,4101.647
2016-05-26,0.37,4.8,3.64,4101.647
2016-06-01,0.38,4.9,3.64,4101.647
2016-06-02,0.38,4.9,3.66,4101.647
2016-06-09,0.38,4.9,3.6,4101.647
2016-06-16,0.38,4.9,3.54,4101.647
2016-06-23,0.38,4.9,3.56,4101.647
2016-06-30,0.38,4.9,3.48,4101.647
2016-07-01,0.39,4.8,3.48,4150.5
2016-07-07,0.39,4.8,3.41,4150.5
2016-07-14,0.39,4.8,3.42,4150.5
2016-07-21,0.39,4.8,3.45,4150.5
2016-07-28,0.39,4.8,3.48,4150.5
2016-08-01,0.4,4.9,3.48,4150.5
2016-08-04,0.4,4.9,3.43,4150.5
2016-08-11,0.4,4.9,3.45,4150.5
2016-08-18,0.4,4.9,3.43,4150.5
2016-08-25,0.4,4.9,3.43,4150.5
2016-09-01,0.4,5.0,3.46,4150.5
2016-09-08,0.4,5.0,3.44,4150.5
2016-09-15,0.4,5.0,3.5,4150.5
2016-09-22,0.4,5.0,3.48,4150.5
2016-09-29,0.4,5.0,3.42,4150.5
2016-10-01,0.4,4.9,3.42,4175.46
2016-10-06,0.4,4.9,3.42,4175.46
2016-10-13,0.4,4.9,3.47,4175.46
2016-10-20,0.4,4.9,3.52,4175.46
2016-10-27,0.4,4.9,3.47,4175.46
2016-11-01,0.41,4.7,3.47,4175.46
2016-11-03,0.41,4.7,3.54,4175.46
2016-11-10,0.41,4.7,3.57,4175.46
2016-11-17,0.41,4.7,3.94,4175.46
2016-11-23,0.41,4.7,4.03,4175.46
2016-12-01,0.54,4.7,4.08,4175.46
2016-12-08,0.54,4.7,4.13,4175.46
2016-12-15,0.54,4.7,4.16,4175.46
2016-12-22,0.54,4.7,4.3,4175.46
2016-12-29,0.54,4.7,4.32,4175.46
2017-01-01,0.65,4.7,4.32,4192.262
2017-01-05,0.65,4.7,4.2,4192.262
2017-01-12,0.65,4.7,4.12,4192.262
2017-01-19,0.65,4.7,4.09,4192.262
2017-01-26,0.65,4.7,4.19,4192.262
2017-02-01,0.66,4.6,4.19,4192.262
2017-02-02,0.66,4.6,4.19,4192.262
2017-02-09,0.66,4.6,4.17,4192.262
2017-02-16,0.66,4.6,4.15,4192.262
2017-02-23,0.66,4.6,4.16,4192.262
2017-03-01,0.79,4.4,4.16,4192.262
2017-03-02,0.79,4.4,4.1,4192.262
2017-03-09,0.79,4.4,4.21,4192.262
2017-03-16,0.79,4.4,4.3,4192.262
2017-03-23,0.79,4.4,4.23,4192.262
2017-03-30,0.79,4.4,4.14,4192.262
2017-04-01,0.9,4.4,4.14,4195.549
2017-04-06,0.9,4.4,4.1,4195.549
2017-04-13,0.9,4.4,4.08,4195.549
2017-04-20,0.9,4.4,3.97,4195.549
2017-04-27,0.9,4.4,4.03,4195.549
2017-05-01,0.91,4.4,4.03,4195.549
2017-05-04,0.91,4.4,4.02,4195.549
2017-05-11,0.91,4.4,4.05,4195.549
2017-05-18,0.91,4.4,4.02,4195.549
2017-05-25,0.91,4.4,3.95,4195.549
2017-06-01,1.04,4.3,3.94,4195.549
2017-06-08,1.04,4.3,3.89,4195.549
2017-06-15,1.04,4.3,3.91,4195.549
2017-06-22,1.04,4.3,3.9,4195.549
2017-06-29,1.04,4.3,3.88,4195.549
2017-07-01,1.15,4.3,3.88,4253.985
2017-07-06,1.15,4.3,3.96,4253.985
2017-07-13,1.15,4.3,4.03,4253.985
2017-07-20,1.15,4.3,3.96,4253.985
2017-07-27,1.15,4.3,3.92,4253.985
2017-08-01,1.16,4.4,3.92,4253.985
2017-08-03,1.16,4.4,3.93,4253.985
2017-08-10,1.16,4.4,3.9,4253.985
2017-08-17,1.16,4.4,3.89,4253.985
2017-08-24,1.16,4.4,3.86,4253.985
2017-08-31,1.16,4.4,3.82,4253.985
2017-09-01,1.15,4.3,3.82,4253.985
2017-09-07,1.15,4.3,3.78,4253.985
2017-09-14,1.15,4.3,3.78,4253.985
2017-09-21,1.15,4.3,3.83,4253.985
2017-09-28,1.15,4.3,3.83,4253.985
2017-10-01,1.15,4.2,3.83,4320.383
2017-10-05,1.15,4.2,3.85,4320.383
2017-10-12,1.15,4.2,3.91,4320.383
2017-10-19,1.15,4.2,3.88,4320.383
2017-10-26,1.15,4.2,3.94,4320.383
2017-11-01,1.16,4.2,3.94,4320.383
2017-11-02,1.16,4.2,3.94,4320.383
2017-11-09,1.16,4.2,3.9,4320.383
2017-11-16,1.16,4.2,3.95,4320.383
2017-11-22,1.16,4.2,3.92,4320.383
2017-11-30,1.16,4.2,3.9,4320.383
2017-12-01,1.3,4.1,3.9,4320.383
2017-12-07,1.3,4.1,3.94,4320.383
2017-12-14,1.3,4.1,3.93,4320.383
2017-12-21,1.3,4.1,3.94,4320.383
2017-12-28,1.3,4.1,3.99,4320.383
2018-01-01,1.41,4.0,3.99,4398.501
2018-01-04,1.41,4.0,3.95,4398.501
2018-01-11,1.41,4.0,3.99,4398.501
2018-01-18,1.41,4.0,4.04,4398.501
2018-01-25,1.41,4.0,4.15,4398.501
2018-02-01,1.42,4.1,4.22,4398.501
2018-02-08,1.42,4.1,4.32,4398.501
2018-02-15,1.42,4.1,4.38,4398.501
2018-02-22,1.42,4.1,4.4,4398.501
2018-03-01,1.51,4.0,4.43,4398.501
2018-03-08,1.51,4.0,4.46,4398.501
2018-03-15,1.51,4.0,4.44,4398.501
2018-03-22,1.51,4.0,4.45,4398.501
2018-03-29,1.51,4.0,4.44,4398.501
2018-04-01,1.69,4.0,4.44,4453.783
2018-04-05,1.69,4.0,4.4,4453.783
2018-04-12,1.69,4.0,4.42,4453.783
2018-04-19,1.69,4.0,4.47,4453.783
2018-04-26,1.69,4.0,4.58,4453.783
2018-05-01,1.7,3.8,4.58,4453.783
2018-05-03,1.7,3.8,4.55,4453.783
2018-05-10,1.7,3.8,4.55,4453.783
2018-05-17,1.7,3.8,4.61,4453.783
2018-05-24,1.7,3.8,4.66,4453.783
2018-05-31,1.7,3.8,4.56,4453.783
2018-06-01,1.82,4.0,4.56,4453.783
2018-06-07,1.82,4.0,4.54,4453.783
2018-06-14,1.82,4.0,4.62,4453.783
2018-06-21,1.82,4.0,4.57,4453.783
2018-06-28,1.82,4.0,4.55,4453.783
2018-07-01,1.91,3.8,4.55,4512.225
2018-07-05,1.91,3.8,4.52,4512.225
2018-07-12,1.91,3.8,4.53,4512.225
2018-07-19,1.91,3.8,4.52,4512.225
2018-07-26,1.91,3.8,4.54,4512.225
2018-08-01,1.91,3.8,4.54,4512.225
2018-08-02,1.91,3.8,4.6,4512.225
2018-08-09,1.91,3.8,4.59,4512.225
2018-08-16,1.91,3.8,4.53,4512.225
2018-08-23,1.91,3.8,4.51,4512.225
2018-08-30,1.91,3.8,4.52,4512.225
2018-09-01,1.95,3.7,4.52,4512.225
2018-09-06,1.95,3.7,4.54,4512.225
2018-09-13,1.95,3.7,4.6,4512.225
2018-09-20,1.95,3.7,4.65,4512.225
2018-09-27,1.95,3.7,4.72,4512.225
2018-10-01,2.19,3.8,4.72,4593.407
2018-10-04,2.19,3.8,4.71,4593.407
2018-10-11,2.19,3.8,4.9,4593.407
2018-10-18,2.19,3.8,4.85,4593.407
2018-10-25,2.19,3.8,4.86,4593.407
2018-11-01,2.2,3.8,4.83,4593.407
2018-11-08,2.2,3.8,4.94,4593.407
2018-11-15,2.2,3.8,4.94,4593.407
2018-11-21,2.2,3.8,4.81,4593.407
2018-11-29,2.2,3.8,4.81,4593.407
2018-12-01,2.27,3.9,4.81,4593.407
2018-12-06,2.27,3.9,4.75,4593.407
2018-12-13,2.27,3.9,4.63,4593.407
2018-12-20,2.27,3.9,4.62,4593.407
2018-12-27,2.27,3.9,4.55,4593.407
2019-01-01,2.4,4.0,4.55,4687.997
2019-01-03,2.4,4.0,4.51,4687.997
2019-01-10,2.4,4.0,4.45,4687.997
2019-01-17,2.4,4.0,4.45,4687.997
2019-01-24,2.4,4.0,4.45,4687.997
2019-01-31,2.4,4.0,4.46,4687.997
2019-02-01,2.4,3.8,4.46,4687.997
2019-02-07,2.4,3.8,4.41,4687.997
2019-02-14,2.4,3.8,4.37,4687.997
2019-02-21,2.4,3.8,4.35,4687.997
2019-02-28,2.4,3.8,4.35,4687.997
2019-03-01,2.41,3.8,4.35,4687.997
2019-03-07,2.41,3.8,4.41,4687.997
2019-03-14,2.41,3.8,4.31,4687.997
2019-03-21,2.41,3.8,4.28,4687.997
2019-03-28,2.41,3.8,4.06,4687.997
2019-04-01,2.42,3.7,4.06,4734.95
2019-04-04,2.42,3.7,4.08,4734.95
2019-04-11,2.42,3.7,4.12,4734.95
2019-04-18,2.42,3.7,4.17,4734.95
2019-04-25,2.42,3.7,4.2,4734.95
2019-05-01,2.39,3.6,4.2,4734.95
2019-05-02,2.39,3.6,4.14,4734.95
2019-05-09,2.39,3.6,4.1,4734.95
2019-05-16,2.39,3.6,4.07,4734.95
2019-05-23,2.39,3.6,4.06,4734.95
2019-05-30,2.39,3.6,3.99,4734.95
2019-06-01,2.38,3.6,3.99,4734.95
2019-06-06,2.38,3.6,3.82,4734.95
2019-06-13,2.38,3.6,3.82,4734.95
2019-06-20,2.38,3.6,3.84,4734.95
2019-06-27,2.38,3.6,3.73,4734.95
2019-07-01,2.4,3.7,3.73,4773.268
2019-07-03,2.4,3.7,3.75,4773.268
2019-07-11,2.4,3.7,3.75,4773.268
2019-07-18,2.4,3.7,3.81,4773.268
2019-07-25,2.4,3.7,3.75,4773.268
2019-08-01,2.13,3.6,3.75,4773.268
2019-08-08,2.13,3.6,3.6,4773.268
2019-08-15,2.13,3.6,3.6,4773.268
2019-08-22,2.13,3.6,3.55,4773.268
2019-08-29,2.13,3.6,3.58,4773.268
2019-09-01,2.04,3.5,3.58,4773.268
2019-09-05,2.04,3.5,3.49,4773.268
2019-09-12,2.04,3.5,3.56,4773.268
2019-09-19,2.04,3.5,3.73,4773.268
2019-09-26,2.04,3.5,3.64,4773.268
2019-10-01,1.83,3.6,3.64,4796.274
2019-10-03,1.83,3.6,3.65,4796.274
2019-10-10,1.83,3.6,3.57,4796.274
2019-10-17,1.83,3.6,3.69,4796.274
2019-10-24,1.83,3.6,3.75,4796.274
2019-10-31,1.83,3.6,3.78,4796.274
2019-11-01,1.55,3.6,3.78,4796.274
2019-11-07,1.55,3.6,3.69,4796.274
2019-11-14,1.55,3.6,3.75,4796.274
2019-11-21,1.55,3.6,3.66,4796.274
2019-11-27,1.55,3.6,3.68,4796.274
2019-12-01,1.55,3.6,3.68,4796.274
2019-12-05,1.55,3.6,3.68,4796.274
2019-12-12,1.55,3.6,3.73,4796.274
2019-12-19,1.55,3.6,3.73,4796.274
2019-12-26,1.55,3.6,3.74,4796.274
2020-01-01,1.55,3.6,3.74,4863.379
2020-01-02,1.55,3.6,3.72,4863.379
2020-01-09,1.55,3.6,3.64,4863.379
2020-01-16,1.55,3.6,3.65,4863.379
2020-01-23,1.55,3.6,3.6,4863.379
2020-01-30,1.55,3.6,3.51,4863.379
2020-02-01,1.58,3.5,3.51,4863.379
2020-02-06,1.58,3.5,3.45,4863.379
2020-02-13,1.58,3.5,3.47,4863.379
2020-02-20,1.58,3.5,3.49,4863.379
2020-02-27,1.58,3.5,3.45,4863.379
2020-03-01,0.65,4.4,3.45,4863.379
2020-03-05,0.65,4.4,3.29,4863.379
2020-03-12,0.65,4.4,3.36,4863.379
2020-03-19,0.65,4.4,3.65,4863.379
2020-03-26,0.65,4.4,3.5,4863.379
2020-04-01,0.05,14.8,3.5,8884.291
2020-04-02,0.05,14.8,3.33,8884.291
2020-04-09,0.05,14.8,3.33,8884.291
2020-04-16,0.05,14.8,3.31,8884.291
2020-04-23,0.05,14.8,3.33,8884.291
2020-04-30,0.05,14.8,3.23,8884.291
2020-05-01,0.05,13.2,3.23,8884.291
2020-05-07,0.05,13.2,3.26,8884.291
2020-05-14,0.05,13.2,3.28,8884.291
2020-05-21,0.05,13.2,3.24,8884.291
2020-05-28,0.05,13.2,3.15,8884.291
2020-06-01,0.08,11.0,3.15,8884.291
2020-06-04,0.08,11.0,3.18,8884.291
2020-06-11,0.08,11.0,3.21,8884.291
2020-06-18,0.08,11.0,3.13,8884.291
2020-06-25,0.08,11.0,3.13,8884.291
2020-07-01,0.09,10.2,3.13,7161.943
2020-07-02,0.09,10.2,3.07,7161.943
2020-07-09,0.09,10.2,3.03,7161.943
2020-07-16,0.09,10.2,2.98,7161.943
2020-07-23,0.09,10.2,3.01,7161.943
2020-07-30,0.09,10.2,2.99,7161.943
2020-08-01,0.1,8.4,2.99,7161.943
2020-08-06,0.1,8.4,2.88,7161.943
2020-08-13,0.1,8.4,2.96,7161.943
2020-08-20,0.1,8.4,2.99,7161.943
2020-08-27,0.1,8.4,2.91,7161.943
2020-09-01,0.09,7.8,2.91,7161.943
2020-09-03,0.09,7.8,2.93,7161.943
2020-09-10,0.09,7.8,2.86,7161.943
2020-09-17,0.09,7.8,2.87,7161.943
2020-09-24,0.09,7.8,2.9,7161.943
2020-10-01,0.09,6.9,2.88,5922.407
2020-10-08,0.09,6.9,2.87,5922.407
2020-10-15,0.09,6.9,2.81,5922.407
2020-10-22,0.09,6.9,2.8,5922.407
2020-10-29,0.09,6.9,2.81,5922.407
2020-11-01,0.09,6.7,2.81,5922.407
2020-11-05,0.09,6.7,2.78,5922.407
2020-11-12,0.09,6.7,2.84,5922.407
2020-11-19,0.09,6.7,2.72,5922.407
2020-11-25,0.09,6.7,2.72,5922.407
2020-12-01,0.09,6.7,2.72,5922.407
2020-12-03,0.09,6.7,2.71,5922.407
2020-12-10,0.09,6.7,2.71,5922.407
2020-12-17,0.09,6.7,2.67,5922.407
2020-12-24,0.09,6.7,2.66,5922.407
2020-12-31,0.09,6.7,2.67,5922.407
2021-01-01,0.09,6.4,2.67,8312.268
2021-01-07,0.09,6.4,2.65,8312.268
2021-01-14,0.09,6.4,2.79,8312.268
2021-01-21,0.09,6.4,2.77,8312.268
2021-01-28,0.09,6.4,2.73,8312.268
2021-02-01,0.08,6.2,2.73,8312.268
2021-02-04,0.08,6.2,2.73,8312.268
2021-02-11,0.08,6.2,2.73,8312.268
2021-02-18,0.08,6.2,2.81,8312.268
2021-02-25,0.08,6.2,2.97,8312.268
2021-03-01,0.07,6.1,2.97,8312.268
2021-03-04,0.07,6.1,3.02,8312.268
2021-03-11,0.07,6.1,3.05,8312.268
2021-03-18,0.07,6.1,3.09,8312.268
2021-03-25,0.07,6.1,3.17,8312.268
2021-04-01,0.07,6.1,3.18,7728.092
2021-04-08,0.07,6.1,3.13,7728.092
2021-04-15,0.07,6.1,3.04,7728.092
2021-04-22,0.07,6.1,2.97,7728.092
2021-04-29,0.07,6.1,2.98,7728.092
2021-05-01,0.06,5.8,2.98,7728.092
2021-05-06,0.06,5.8,2.96,7728.092
2021-05-13,0.06,5.8,2.94,7728.092
2021-05-20,0.06,5.8,3.0,7728.092
2021-05-27,0.06,5.8,2.95,7728.092
2021-06-01,0.08,5.9,2.95,7728.092
2021-06-03,0.08,5.9,2.99,7728.092
2021-06-10,0.08,5.9,2.96,7728.092
2021-06-17,0.08,5.9,2.93,7728.092
2021-06-24,0.08,5.9,3.02,7728.092
2021-07-01,0.1,5.4,2.98,6784.496
2021-07-08,0.1,5.4,2.9,6784.496
2021-07-15,0.1,5.4,2.88,6784.496
2021-07-22,0.1,5.4,2.78,6784.496
2021-07-29,0.1,5.4,2.8,6784.496
2021-08-01,0.09,5.1,2.8,6784.496
2021-08-05,0.09,5.1,2.77,6784.496
2021-08-12,0.09,5.1,2.87,6784.496
2021-08-19,0.09,5.1,2.86,6784.496
2021-08-26,0.09,5.1,2.87,6784.496
2021-09-01,0.08,4.7,2.87,6784.496
2021-09-02,0.08,4.7,2.87,6784.496
2021-09-09,0.08,4.7,2.88,6784.496
2021-09-16,0.08,4.7,2.86,6784.496
2021-09-23,0.08,4.7,2.88,6784.496
2021-09-30,0.08,4.7,3.01,6784.496
2021-10-01,0.08,4.5,3.01,6225.498
2021-10-07,0.08,4.5,2.99,6225.498
2021-10-14,0.08,4.5,3.05,6225.498
2021-10-21,0.08,4.5,3.09,6225.498
2021-10-28,0.08,4.5,3.14,6225.498
2021-11-01,0.08,4.2,3.14,6225.498
2021-11-04,0.08,4.2,3.09,6225.498
2021-11-10,0.08,4.2,2.98,6225.498
2021-11-18,0.08,4.2,3.1,6225.498
2021-11-24,0.08,4.2,3.1,6225.498
2021-12-01,0.08,3.9,3.1,6225.498
2021-12-02,0.08,3.9,3.11,6225.498
2021-12-09,0.08,3.9,3.1,6225.498
2021-12-16,0.08,3.9,3.12,6225.498
2021-12-23,0.08,3.9,3.05,6225.498
2021-12-30,0.08,3.9,3.11,6225.498
2022-01-01,0.08,4.0,3.11,5997.292
2022-01-06,0.08,4.0,3.22,5997.292
2022-01-13,0.08,4.0,3.45,5997.292
2022-01-20,0.08,4.0,3.56,5997.292
2022-01-27,0.08,4.0,3.55,5997.292
2022-02-01,0.08,3.8,3.55,5997.292
2022-02-03,0.08,3.8,3.55,5997.292
2022-02-10,0.08,3.8,3.69,5997.292
2022-02-17,0.08,3.8,3.92,5997.292
2022-02-24,0.08,3.8,3.89,5997.292
2022-03-01,0.2,3.7,3.89,5997.292
2022-03-03,0.2,3.7,3.76,5997.292
2022-03-10,0.2,3.7,3.85,5997.292
2022-03-17,0.2,3.7,4.16,5997.292
2022-03-24,0.2,3.7,4.42,5997.292
2022-03-31,0.2,3.7,4.67,5997.292
2022-04-01,0.33,3.7,4.67,6068.545
2022-04-07,0.33,3.7,4.72,6068.545
2022-04-14,0.33,3.7,5.0,6068.545
2022-04-21,0.33,3.7,5.11,6068.545
2022-04-28,0.33,3.7,5.1,6068.545
2022-05-01,0.77,3.6,5.1,6068.545
2022-05-05,0.77,3.6,5.27,6068.545
2022-05-12,0.77,3.6,5.3,6068.545
2022-05-19,0.77,3.6,5.25,6068.545
2022-05-26,0.77,3.6,5.1,6068.545
2022-06-01,1.21,3.6,5.1,6068.545
2022-06-02,1.21,3.6,5.09,6068.545
2022-06-09,1.21,3.6,5.23,6068.545
2022-06-16,1.21,3.6,5.78,6068.545
2022-06-23,1.21,3.6,5.81,6068.545
2022-06-30,1.21,3.6,5.7,6068.545
2022-07-01,1.68,3.5,5.7,6181.478
2022-07-07,1.68,3.5,5.3,6181.478
2022-07-14,1.68,3.5,5.51,6181.478
2022-07-21,1.68,3.5,5.54,6181.478
2022-07-28,1.68,3.5,5.3,6181.478
2022-08-01,2.33,3.6,5.3,6181.478
2022-08-04,2.33,3.6,4.99,6181.478
2022-08-11,2.33,3.6,5.22,6181.478
2022-08-18,2.33,3.6,5.13,6181.478
2022-08-25,2.33,3.6,5.55,6181.478
2022-09-01,2.56,3.5,5.66,6181.478
2022-09-08,2.56,3.5,5.89,6181.478
2022-09-15,2.56,3.5,6.02,6181.478
2022-09-22,2.56,3.5,6.29,6181.478
2022-09-29,2.56,3.5,6.7,6181.478
2022-10-01,3.08,3.6,6.7,6317.107
2022-10-06,3.08,3.6,6.66,6317.107
2022-10-13,3.08,3.6,6.92,6317.107
2022-10-20,3.08,3.6,6.94,6317.107
2022-10-27,3.08,3.6,7.08,6317.107
2022-11-01,3.78,3.6,7.08,6317.107
2022-11-03,3.78,3.6,6.95,6317.107
2022-11-10,3.78,3.6,7.08,6317.107
2022-11-17,3.78,3.6,6.61,6317.107
2022-11-23,3.78,3.6,6.58,6317.107
2022-12-01,4.1,3.5,6.49,6317.107
2022-12-08,4.1,3.5,6.33,6317.107
2022-12-15,4.1,3.5,6.31,6317.107
2022-12-22,4.1,3.5,6.27,6317.107
2022-12-29,4.1,3.5,6.42,6317.107
2023-01-01,4.33,3.5,6.42,6409.685
2023-01-05,4.33,3.5,6.48,6409.685
2023-01-12,4.33,3.5,6.33,6409.685
2023-01-19,4.33,3.5,6.15,6409.685
2023-01-26,4.33,3.5,6.13,6409.685
2023-02-01,4.57,3.6,6.13,6409.685
2023-02-02,4.57,3.6,6.09,6409.685
2023-02-09,4.57,3.6,6.12,6409.685
2023-02-16,4.57,3.6,6.32,6409.685
2023-02-23,4.57,3.6,6.5,6409.685
2023-03-01,4.65,3.5,6.5,6409.685
2023-03-02,4.65,3.5,6.65,6409.685
2023-03-09,4.65,3.5,6.73,6409.685
2023-03-16,4.65,3.5,6.6,6409.685
2023-03-23,4.65,3.5,6.42,6409.685
2023-03-30,4.65,3.5,6.32,6409.685
2023-04-01,4.83,3.4,6.32,6444.696
2023-04-06,4.83,3.4,6.28,6444.696
2023-04-13,4.83,3.4,6.27,6444.696
2023-04-20,4.83,3.4,6.39,6444.696
2023-04-27,4.83,3.4,6.43,6444.696
2023-05-01,5.06,3.6,6.43,6444.696
2023-05-04,5.06,3.6,6.39,6444.696
2023-05-11,5.06,3.6,6.35,6444.696
2023-05-18,5.06,3.6,6.39,6444.696
2023-05-25,5.06,3.6,6.57,6444.696
2023-06-01,5.08,3.6,6.79,6444.696
2023-06-08,5.08,3.6,6.71,6444.696
2023-06-15,5.08,3.6,6.69,6444.696
2023-06-22,5.08,3.6,6.67,6444.696
2023-06-29,5.08,3.6,6.71,6444.696
2023-07-01,5.12,3.5,6.71,6527.403
2023-07-06,5.12,3.5,6.81,6527.403
2023-07-13,5.12,3.5,6.96,6527.403
2023-07-20,5.12,3.5,6.78,6527.403
2023-07-27,5.12,3.5,6.81,6527.403
2023-08-01,5.33,3.7,6.81,6527.403
2023-08-03,5.33,3.7,6.9,6527.403
2023-08-10,5.33,3.7,6.96,6527.403
2023-08-17,5.33,3.7,7.09,6527.403
2023-08-24,5.33,3.7,7.23,6527.403
2023-08-31,5.33,3.7,7.18,6527.403
2023-09-01,5.33,3.8,7.18,6527.403
2023-09-07,5.33,3.8,7.12,6527.403
2023-09-14,5.33,3.8,7.18,6527.403
2023-09-21,5.33,3.8,7.19,6527.403
2023-09-28,5.33,3.8,7.31,6527.403
2023-10-01,5.33,3.9,7.31,6619.838
2023-10-05,5.33,3.9,7.49,6619.838
2023-10-12,5.33,3.9,7.57,6619.838
2023-10-19,5.33,3.9,7.63,6619.838
2023-10-26,5.33,3.9,7.79,6619.838
2023-11-01,5.33,3.7,7.79,6619.838
2023-11-02,5.33,3.7,7.76,6619.838
2023-11-09,5.33,3.7,7.5,6619.838
2023-11-16,5.33,3.7,7.44,6619.838
2023-11-22,5.33,3.7,7.29,6619.838
2023-11-30,5.33,3.7,7.22,6619.838
2023-12-01,5.33,3.8,7.22,6619.838
2023-12-07,5.33,3.8,7.03,6619.838
2023-12-14,5.33,3.8,6.95,6619.838
2023-12-21,5.33,3.8,6.67,6619.838
2023-12-28,5.33,3.8,6.61,6619.838
2024-01-01,5.33,3.7,6.61,6772.827
2024-01-04,5.33,3.7,6.62,6772.827
2024-01-11,5.33,3.7,6.66,6772.827
2024-01-18,5.33,3.7,6.6,6772.827
2024-01-25,5.33,3.7,6.69,6772.827
2024-02-01,5.33,3.9,6.63,6772.827
2024-02-08,5.33,3.9,6.64,6772.827
2024-02-15,5.33,3.9,6.77,6772.827
2024-02-22,5.33,3.9,6.9,6772.827
2024-02-29,5.33,3.9,6.94,6772.827
2024-03-01,5.33,3.9,6.94,6772.827
2024-03-07,5.33,3.9,6.88,6772.827
2024-03-14,5.33,3.9,6.74,6772.827
2024-03-21,5.33,3.9,6.87,6772.827
2024-03-28,5.33,3.9,6.79,6772.827
2024-04-01,5.33,3.9,6.79,6864.587
2024-04-04,5.33,3.9,6.82,6864.587
2024-04-11,5.33,3.9,6.88,6864.587
2024-04-18,5.33,3.9,7.1,6864.587
2024-04-25,5.33,3.9,7.17,6864.587
2024-05-01,5.33,4.0,7.17,6864.587
2024-05-02,5.33,4.0,7.22,6864.587
2024-05-09,5.33,4.0,7.09,6864.587
2024-05-16,5.33,4.0,7.02,6864.587
2024-05-23,5.33,4.0,6.94,6864.587
2024-05-30,5.33,4.0,7.03,6864.587
2024-06-01,5.33,4.1,7.03,6864.587
2024-06-06,5.33,4.1,6.99,6864.587
2024-06-13,5.33,4.1,6.95,6864.587
2024-06-20,5.33,4.1,6.87,6864.587
2024-06-27,5.33,4.1,6.86,6864.587
2024-07-01,5.33,4.2,6.86,7052.115
2024-07-03,5.33,4.2,6.95,7052.115
2024-07-11,5.33,4.2,6.89,7052.115
2024-07-18,5.33,4.2,6.77,7052.115
2024-07-25,5.33,4.2,6.78,7052.115
2024-08-01,5.33,4.2,6.73,7052.115
2024-08-08,5.33,4.2,6.47,7052.115
2024-08-15,5.33,4.2,6.49,7052.115
2024-08-22,5.33,4.2,6.46,7052.115
2024-08-29,5.33,4.2,6.35,7052.115
2024-09-01,5.13,4.1,6.35,7052.115
2024-09-05,5.13,4.1,6.35,7052.115
2024-09-12,5.13,4.1,6.2,7052.115
2024-09-19,5.13,4.1,6.09,7052.115
2024-09-26,5.13,4.1,6.08,7052.115
2024-10-01,4.83,4.1,6.08,7109.441
2024-10-03,4.83,4.1,6.12,7109.441
2024-10-10,4.83,4.1,6.32,7109.441
2024-10-17,4.83,4.1,6.44,7109.441
2024-10-24,4.83,4.1,6.54,7109.441
2024-10-31,4.83,4.1,6.72,7109.441
2024-11-01,4.64,4.2,6.72,7109.441
2024-11-07,4.64,4.2,6.79,7109.441
2024-11-14,4.64,4.2,6.78,7109.441
2024-11-21,4.64,4.2,6.84,7109.441
2024-11-27,4.64,4.2,6.81,7109.441
2024-12-01,4.48,4.1,6.81,7109.441
2024-12-05,4.48,4.1,6.69,7109.441
2024-12-12,4.48,4.1,6.6,7109.441
2024-12-19,4.48,4.1,6.72,7109.441
2024-12-26,4.48,4.1,6.85,7109.441
2025-01-01,4.33,4.0,6.85,7109.441
2025-01-02,4.33,4.0,6.91,7109.441
2025-01-09,4.33,4.0,6.93,7109.441
2025-01-16,4.33,4.0,7.04,7109.441
2025-01-23,4.33,4.0,6.96,7109.441
2025-01-30,4.33,4.0,6.95,7109.441
2025-02-06,4.33,4.0,6.89,7109.441
2025-02-13,4.33,4.0,6.87,7109.441
2025-02-20,4.33,4.0,6.85,7109.441
2025-02-27,4.33,4.0,6.76,7109.441
